observation_time_utc,archive_start_time_utc,archive_end_time_utc,camera_count,cameras,product_codes,has_nadir,has_aft,has_fore,complete_three_camera,product_count,filenames,target_sensor,target_time_utc,time_difference_hours
2026-03-05 15:58:10+00:00,2026-03-05 15:58:10.345000+00:00,2026-03-05 16:10:34.805000+00:00,3,"AFT,FORE,NADIR","NCA,NCF,NCN",True,True,True,True,3,ch2_tmc_nca_20260305T1558103459_d_img_d18.zip | ch2_tmc_ncf_20260305T1558103459_d_img_d18.zip | ch2_tmc_ncn_20260305T1558103459_d_img_d18.zip,OHRC,2026-03-31 11:05:23.528800+00:00,619.1204246666666
2026-03-04 22:22:30+00:00,2026-03-04 22:22:30.370000+00:00,2026-03-04 22:31:35.426000+00:00,3,"AFT,FORE,NADIR","NCA,NCF,NCN",True,True,True,True,3,ch2_tmc_nca_20260304T2222303737_d_img_d18.zip | ch2_tmc_ncf_20260304T2222303737_d_img_d18.zip | ch2_tmc_ncn_20260304T2222303704_d_img_d18.zip,OHRC,2026-03-31 11:05:23.528800+00:00,636.714869111111
2026-03-04 22:19:01+00:00,2026-03-04 22:19:00.919000+00:00,2026-03-04 22:22:36.558000+00:00,3,"AFT,FORE,NADIR","NCA,NCF,NCN",True,True,True,True,3,ch2_tmc_nca_20260304T2219009193_d_img_d18.zip | ch2_tmc_ncf_20260304T2219009193_d_img_d18.zip | ch2_tmc_ncn_20260304T2219009193_d_img_d18.zip,OHRC,2026-03-31 11:05:23.528800+00:00,636.7729246666667
2026-03-04 18:21:40+00:00,2026-03-04 18:21:39.636000+00:00,2026-03-04 18:34:48.870000+00:00,3,"AFT,FORE,NADIR","NCA,NCF,NCN",True,True,True,True,3,ch2_tmc_nca_20260304T1821396398_d_img_d18.zip | ch2_tmc_ncf_20260304T1821396366_d_img_d18.zip | ch2_tmc_ncn_20260304T1821396366_d_img_d18.zip,OHRC,2026-03-31 11:05:23.528800+00:00,640.728758
2026-03-04 08:32:20+00:00,2026-03-04 08:32:19.994000+00:00,2026-03-04 08:45:12.720000+00:00,3,"AFT,FORE,NADIR","NCA,NCF,NCN",True,True,True,True,3,ch2_tmc_nca_20260304T0832199977_d_img_d18.zip | ch2_tmc_ncf_20260304T0832199944_d_img_d18.zip | ch2_tmc_ncn_20260304T0832199944_d_img_d18.zip,OHRC,2026-03-31 11:05:23.528800+00:00,650.5509802222222
2026-03-02 03:40:19+00:00,2026-03-02 03:40:19.308000+00:00,2026-03-02 03:51:14.489000+00:00,3,"AFT,FORE,NADIR","NCA,NCF,NCN",True,True,True,True,3,ch2_tmc_nca_20260302T0340193086_d_img_d18.zip | ch2_tmc_ncf_20260302T0340193086_d_img_d18.zip | ch2_tmc_ncn_20260302T0340193086_d_img_d18.zip,OHRC,2026-03-31 11:05:23.528800+00:00,703.4179246666666
2026-03-01 19:39:18+00:00,2026-03-01 19:39:18.308000+00:00,2026-03-01 19:51:07.944000+00:00,3,"AFT,FORE,NADIR","NCA,NCF,NCN",True,True,True,True,3,ch2_tmc_nca_20260301T1939183081_d_img_d18.zip | ch2_tmc_ncf_20260301T1939183081_d_img_d18.zip | ch2_tmc_ncn_20260301T1939183114_d_img_d18.zip,OHRC,2026-03-31 11:05:23.528800+00:00,711.4348691111111
2026-03-01 15:43:39+00:00,2026-03-01 15:43:39.292000+00:00,2026-03-01 15:54:39.392000+00:00,3,"AFT,FORE,NADIR","NCA,NCF,NCN",True,True,True,True,3,ch2_tmc_nca_20260301T1543392957_d_img_d18.zip | ch2_tmc_ncf_20260301T1543392924_d_img_d18.zip | ch2_tmc_ncn_20260301T1543392924_d_img_d18.zip,OHRC,2026-03-31 11:05:23.528800+00:00,715.3623691111111
2026-03-01 05:54:30+00:00,2026-03-01 05:54:29.991000+00:00,2026-03-01 06:05:24.968000+00:00,3,"AFT,FORE,NADIR","NCA,NCF,NCN",True,True,True,True,3,ch2_tmc_nca_20260301T0554299915_d_img_d18.zip | ch2_tmc_ncf_20260301T0554299915_d_img_d18.zip | ch2_tmc_ncn_20260301T0554299915_d_img_d18.zip,OHRC,2026-03-31 11:05:23.528800+00:00,725.1815357777778
2026-02-28 18:07:31+00:00,2026-02-28 18:07:31.150000+00:00,2026-02-28 18:19:18.952000+00:00,3,"AFT,FORE,NADIR","NCA,NCF,NCN",True,True,True,True,3,ch2_tmc_nca_20260228T1807311508_d_img_d18.zip | ch2_tmc_ncf_20260228T1807311508_d_img_d18.zip | ch2_tmc_ncn_20260228T1807311508_d_img_d18.zip,OHRC,2026-03-31 11:05:23.528800+00:00,736.9645913333334
2026-02-28 14:21:32+00:00,2026-02-28 14:21:32.458000+00:00,2026-02-28 14:32:34.159000+00:00,3,"AFT,FORE,NADIR","NCA,NCF,NCN",True,True,True,True,3,ch2_tmc_nca_20260228T1421324581_d_img_d18.zip | ch2_tmc_ncf_20260228T1421324581_d_img_d18.zip | ch2_tmc_ncn_20260228T1421324581_d_img_d18.zip,OHRC,2026-03-31 11:05:23.528800+00:00,740.7309802222222
2026-02-28 04:22:40+00:00,2026-02-28 04:22:39.709000+00:00,2026-02-28 04:33:36.625000+00:00,3,"AFT,FORE,NADIR","NCA,NCF,NCN",True,True,True,True,3,ch2_tmc_nca_20260228T0422397099_d_img_d18.zip | ch2_tmc_ncf_20260228T0422397099_d_img_d18.zip | ch2_tmc_ncn_20260228T0422397099_d_img_d18.zip,OHRC,2026-03-31 11:05:23.528800+00:00,750.7120913333333
2026-02-27 16:35:36+00:00,2026-02-27 16:35:36.352000+00:00,2026-02-27 16:47:25.724000+00:00,3,"AFT,FORE,NADIR","NCA,NCF,NCN",True,True,True,True,3,ch2_tmc_nca_20260227T1635363529_d_img_d18.zip | ch2_tmc_ncf_20260227T1635363529_d_img_d18.zip | ch2_tmc_ncn_20260227T1635363529_d_img_d18.zip,OHRC,2026-03-31 11:05:23.528800+00:00,762.4965357777778
2026-02-27 12:39:55+00:00,2026-02-27 12:39:55.292000+00:00,2026-02-27 12:50:41.689000+00:00,3,"AFT,FORE,NADIR","NCA,NCF,NCN",True,True,True,True,3,ch2_tmc_nca_20260227T1239553248_d_img_d18.zip | ch2_tmc_ncf_20260227T1239552923_d_img_d18.zip | ch2_tmc_ncn_20260227T1239552923_d_img_d18.zip,OHRC,2026-03-31 11:05:23.528800+00:00,766.4245913333333
2026-02-26 13:12:44+00:00,2026-02-26 13:12:43.733000+00:00,2026-02-26 13:14:48.274000+00:00,3,"AFT,FORE,NADIR","NCA,NCF,NCN",True,True,True,True,3,ch2_tmc_nca_20260226T1312437332_d_img_d18.zip | ch2_tmc_ncf_20260226T1312437332_d_img_d18.zip | ch2_tmc_ncn_20260226T1312437365_d_img_d18.zip,OHRC,2026-03-31 11:05:23.528800+00:00,789.8776468888889
2026-02-26 13:07:54+00:00,2026-02-26 13:07:53.706000+00:00,2026-02-26 13:12:47.406000+00:00,3,"AFT,FORE,NADIR","NCA,NCF,NCN",True,True,True,True,3,ch2_tmc_nca_20260226T1307537066_d_img_d18.zip | ch2_tmc_ncf_20260226T1307537066_d_img_d18.zip | ch2_tmc_ncn_20260226T1307537066_d_img_d18.zip,OHRC,2026-03-31 11:05:23.528800+00:00,789.9582024444444
2026-02-26 13:05:47+00:00,2026-02-26 13:05:46.568000+00:00,2026-02-26 13:07:58.445000+00:00,3,"AFT,FORE,NADIR","NCA,NCF,NCN",True,True,True,True,3,ch2_tmc_nca_20260226T1305465680_d_img_d18.zip | ch2_tmc_ncf_20260226T1305465680_d_img_d18.zip | ch2_tmc_ncn_20260226T1305465680_d_img_d18.zip,OHRC,2026-03-31 11:05:23.528800+00:00,789.9934802222222
2026-02-26 01:25:46+00:00,2026-02-26 01:25:46.414000+00:00,2026-02-26 01:27:50.454000+00:00,3,"AFT,FORE,NADIR","NCA,NCF,NCN",True,True,True,True,3,ch2_tmc_nca_20260226T0125464180_d_img_d18.zip | ch2_tmc_ncf_20260226T0125464148_d_img_d18.zip | ch2_tmc_ncn_20260226T0125464180_d_img_d18.zip,OHRC,2026-03-31 11:05:23.528800+00:00,801.6604246666667
2026-02-26 01:21:30+00:00,2026-02-26 01:21:29.963000+00:00,2026-02-26 01:25:51.573000+00:00,3,"AFT,FORE,NADIR","NCA,NCF,NCN",True,True,True,True,3,ch2_tmc_nca_20260226T0121299636_d_img_d18.zip | ch2_tmc_ncf_20260226T0121299636_d_img_d18.zip | ch2_tmc_ncn_20260226T0121299668_d_img_d18.zip,OHRC,2026-03-31 11:05:23.528800+00:00,801.7315357777778
2026-02-26 01:18:48+00:00,2026-02-26 01:18:48.482000+00:00,2026-02-26 01:21:34.118000+00:00,3,"AFT,FORE,NADIR","NCA,NCF,NCN",True,True,True,True,3,ch2_tmc_nca_20260226T0118484828_d_img_d18.zip | ch2_tmc_ncf_20260226T0118484828_d_img_d18.zip | ch2_tmc_ncn_20260226T0118484860_d_img_d18.zip,OHRC,2026-03-31 11:05:23.528800+00:00,801.7765357777778
2026-02-25 11:36:22+00:00,2026-02-25 11:36:22.285000+00:00,2026-02-25 11:41:22.545000+00:00,3,"AFT,FORE,NADIR","NCA,NCF,NCN",True,True,True,True,3,ch2_tmc_nca_20260225T1136222850_d_img_d18.zip | ch2_tmc_ncf_20260225T1136222850_d_img_d18.zip | ch2_tmc_ncn_20260225T1136222850_d_img_d18.zip,OHRC,2026-03-31 11:05:23.528800+00:00,815.483758
2026-02-25 11:34:00+00:00,2026-02-25 11:33:59.576000+00:00,2026-02-25 11:36:27.604000+00:00,3,"AFT,FORE,NADIR","NCA,NCF,NCN",True,True,True,True,3,ch2_tmc_nca_20260225T1133595794_d_img_d18.zip | ch2_tmc_ncf_20260225T1133595763_d_img_d18.zip | ch2_tmc_ncn_20260225T1133595794_d_img_d18.zip,OHRC,2026-03-31 11:05:23.528800+00:00,815.5232024444445
2026-02-24 21:54:41+00:00,2026-02-24 21:54:41.492000+00:00,2026-02-24 21:58:09.617000+00:00,3,"AFT,FORE,NADIR","NCA,NCF,NCN",True,True,True,True,3,ch2_tmc_nca_20260224T2154414927_d_img_d18.zip | ch2_tmc_ncf_20260224T2154414927_d_img_d18.zip | ch2_tmc_ncn_20260224T2154414927_d_img_d18.zip,OHRC,2026-03-31 11:05:23.528800+00:00,829.1784802222222
2026-02-24 21:46:35+00:00,2026-02-24 21:46:34.766000+00:00,2026-02-24 21:54:47.990000+00:00,3,"AFT,FORE,NADIR","NCA,NCF,NCN",True,True,True,True,3,ch2_tmc_nca_20260224T2146347662_d_img_d18.zip | ch2_tmc_ncf_20260224T2146347662_d_img_d18.zip | ch2_tmc_ncn_20260224T2146347662_d_img_d18.zip,OHRC,2026-03-31 11:05:23.528800+00:00,829.3134802222222
2026-02-24 10:01:41+00:00,2026-02-24 10:01:40.988000+00:00,2026-02-24 10:12:28.461000+00:00,3,"AFT,FORE,NADIR","NCA,NCF,NCN",True,True,True,True,3,ch2_tmc_nca_20260224T1001409915_d_img_d18.zip | ch2_tmc_ncf_20260224T1001409915_d_img_d18.zip | ch2_tmc_ncn_20260224T1001409883_d_img_d18.zip,OHRC,2026-03-31 11:05:23.528800+00:00,841.0618135555555
2026-02-23 08:28:45+00:00,2026-02-23 08:28:45.107000+00:00,2026-02-23 08:40:47.209000+00:00,3,"AFT,FORE,NADIR","NCA,NCF,NCN",True,True,True,True,3,ch2_tmc_nca_20260223T0828451072_d_img_d18.zip | ch2_tmc_ncf_20260223T0828451072_d_img_d18.zip | ch2_tmc_ncn_20260223T0828451072_d_img_d18.zip,OHRC,2026-03-31 11:05:23.528800+00:00,866.6107024444444
2026-02-22 12:50:10+00:00,2026-02-22 12:50:09.849000+00:00,2026-02-22 13:03:06.641000+00:00,3,"AFT,FORE,NADIR","NCA,NCF,NCN",True,True,True,True,3,ch2_tmc_nca_20260222T1250098497_d_img_d18.zip | ch2_tmc_ncf_20260222T1250098529_d_img_d18.zip | ch2_tmc_ncn_20260222T1250098529_d_img_d18.zip,OHRC,2026-03-31 11:05:23.528800+00:00,886.253758
2026-02-22 08:54:32+00:00,2026-02-22 08:54:31.536000+00:00,2026-02-22 08:59:01.504000+00:00,3,"AFT,FORE,NADIR","NCA,NCF,NCN",True,True,True,True,3,ch2_tmc_nca_20260222T0854315365_d_img_d18.zip | ch2_tmc_ncf_20260222T0854315365_d_img_d18.zip | ch2_tmc_ncn_20260222T0854315365_d_img_d18.zip,OHRC,2026-03-31 11:05:23.528800+00:00,890.1809802222222
2026-02-21 21:11:51+00:00,2026-02-21 21:11:50.794000+00:00,2026-02-21 21:20:50.407000+00:00,3,"AFT,FORE,NADIR","NCA,NCF,NCN",True,True,True,True,3,ch2_tmc_nca_20260221T2111507946_d_img_d18.zip | ch2_tmc_ncf_20260221T2111507977_d_img_d18.zip | ch2_tmc_ncn_20260221T2111507946_d_img_d18.zip,OHRC,2026-03-31 11:05:23.528800+00:00,901.8923691111111
2026-02-21 21:08:42+00:00,2026-02-21 21:08:41.817000+00:00,2026-02-21 21:11:54.894000+00:00,3,"AFT,FORE,NADIR","NCA,NCF,NCN",True,True,True,True,3,ch2_tmc_nca_20260221T2108418177_d_img_d18.zip | ch2_tmc_ncf_20260221T2108418177_d_img_d18.zip | ch2_tmc_ncn_20260221T2108418177_d_img_d18.zip,OHRC,2026-03-31 11:05:23.528800+00:00,901.9448691111111
2026-02-21 13:12:06+00:00,2026-02-21 13:12:05.660000+00:00,2026-02-21 13:25:16.313000+00:00,3,"AFT,FORE,NADIR","NCA,NCF,NCN",True,True,True,True,3,ch2_tmc_nca_20260221T1312056600_d_img_d18.zip | ch2_tmc_ncf_20260221T1312056600_d_img_d18.zip | ch2_tmc_ncn_20260221T1312056600_d_img_d18.zip,OHRC,2026-03-31 11:05:23.528800+00:00,909.8882024444445
2026-02-21 07:27:14+00:00,2026-02-21 07:27:13.782000+00:00,2026-02-21 07:33:01.778000+00:00,3,"AFT,FORE,NADIR","NCA,NCF,NCN",True,True,True,True,3,ch2_tmc_nca_20260221T0727137862_d_img_d18.zip | ch2_tmc_ncf_20260221T0727137829_d_img_d18.zip | ch2_tmc_ncn_20260221T0727137862_d_img_d18.zip,OHRC,2026-03-31 11:05:23.528800+00:00,915.6359802222222
2026-02-21 07:23:33+00:00,2026-02-21 07:23:32.523000+00:00,2026-02-21 07:27:17.964000+00:00,3,"AFT,FORE,NADIR","NCA,NCF,NCN",True,True,True,True,3,ch2_tmc_nca_20260221T0723325270_d_img_d18.zip | ch2_tmc_ncf_20260221T0723325237_d_img_d18.zip | ch2_tmc_ncn_20260221T0723325237_d_img_d18.zip,OHRC,2026-03-31 11:05:23.528800+00:00,915.6973691111111
2026-02-20 19:35:15+00:00,2026-02-20 19:35:14.983000+00:00,2026-02-20 19:47:09.169000+00:00,3,"AFT,FORE,NADIR","NCA,NCF,NCN",True,True,True,True,3,ch2_tmc_nca_20260220T1935149832_d_img_d18.zip | ch2_tmc_ncf_20260220T1935149832_d_img_d18.zip | ch2_tmc_ncn_20260220T1935149832_d_img_d18.zip,OHRC,2026-03-31 11:05:23.528800+00:00,927.5023691111111
2026-02-20 09:45:58+00:00,2026-02-20 09:45:57.511000+00:00,2026-02-20 09:58:58.939000+00:00,3,"AFT,FORE,NADIR","NCA,NCF,NCN",True,True,True,True,3,ch2_tmc_nca_20260220T0945575112_d_img_d18.zip | ch2_tmc_ncf_20260220T0945575112_d_img_d18.zip | ch2_tmc_ncn_20260220T0945575112_d_img_d18.zip,OHRC,2026-03-31 11:05:23.528800+00:00,937.323758
2026-02-20 05:50:16+00:00,2026-02-20 05:50:16.192000+00:00,2026-02-20 06:02:26.840000+00:00,3,"AFT,FORE,NADIR","NCA,NCF,NCN",True,True,True,True,3,ch2_tmc_nca_20260220T0550161924_d_img_d18.zip | ch2_tmc_ncf_20260220T0550161924_d_img_d18.zip | ch2_tmc_ncn_20260220T0550161924_d_img_d18.zip,OHRC,2026-03-31 11:05:23.528800+00:00,941.2520913333333
2026-02-19 20:02:06+00:00,2026-02-19 20:02:06.163000+00:00,2026-02-19 20:15:15.791000+00:00,3,"AFT,FORE,NADIR","NCA,NCF,NCN",True,True,True,True,3,ch2_tmc_nca_20260219T2002061633_d_img_d18.zip | ch2_tmc_ncf_20260219T2002061633_d_img_d18.zip | ch2_tmc_ncn_20260219T2002061633_d_img_d18.zip,OHRC,2026-03-31 11:05:23.528800+00:00,951.0548691111111
2026-02-19 12:10:45+00:00,2026-02-19 12:10:45.123000+00:00,2026-02-19 12:23:52.702000+00:00,3,"AFT,FORE,NADIR","NCA,NCF,NCN",True,True,True,True,3,ch2_tmc_nca_20260219T1210451233_d_img_d18.zip | ch2_tmc_ncf_20260219T1210451233_d_img_d18.zip | ch2_tmc_ncn_20260219T1210451233_d_img_d18.zip,OHRC,2026-03-31 11:05:23.528800+00:00,958.9107024444444
2026-02-19 06:17:57+00:00,2026-02-19 06:17:56.810000+00:00,2026-02-19 06:28:27.345000+00:00,3,"AFT,FORE,NADIR","NCA,NCF,NCN",True,True,True,True,3,ch2_tmc_nca_20260219T0617568103_d_img_d18.zip | ch2_tmc_ncf_20260219T0617568103_d_img_d18.zip | ch2_tmc_ncn_20260219T0617568103_d_img_d18.zip,OHRC,2026-03-31 11:05:23.528800+00:00,964.7907024444445
2026-02-18 18:38:12+00:00,2026-02-18 18:38:11.862000+00:00,2026-02-18 18:44:11.323000+00:00,3,"AFT,FORE,NADIR","NCA,NCF,NCN",True,True,True,True,3,ch2_tmc_nca_20260218T1838118627_d_img_d18.zip | ch2_tmc_ncf_20260218T1838118627_d_img_d18.zip | ch2_tmc_ncn_20260218T1838118627_d_img_d18.zip,OHRC,2026-03-31 11:05:23.528800+00:00,976.4532024444444
2026-02-18 10:38:41+00:00,2026-02-18 10:38:40.604000+00:00,2026-02-18 10:51:51.258000+00:00,3,"AFT,FORE,NADIR","NCA,NCF,NCN",True,True,True,True,3,ch2_tmc_nca_20260218T1038406044_d_img_d18.zip | ch2_tmc_ncf_20260218T1038406044_d_img_d18.zip | ch2_tmc_ncn_20260218T1038406044_d_img_d18.zip,OHRC,2026-03-31 11:05:23.528800+00:00,984.4451468888889
2026-02-18 08:40:49+00:00,2026-02-18 08:40:48.833000+00:00,2026-02-18 08:53:59.402000+00:00,3,"AFT,FORE,NADIR","NCA,NCF,NCN",True,True,True,True,3,ch2_tmc_nca_20260218T0840488331_d_img_d18.zip | ch2_tmc_ncf_20260218T0840488331_d_img_d18.zip | ch2_tmc_ncn_20260218T0840488331_d_img_d18.zip,OHRC,2026-03-31 11:05:23.528800+00:00,986.4095913333333
2026-02-18 04:45:07+00:00,2026-02-18 04:45:07.408000+00:00,2026-02-18 04:57:49.329000+00:00,3,"AFT,FORE,NADIR","NCA,NCF,NCN",True,True,True,True,3,ch2_tmc_nca_20260218T0445074089_d_img_d18.zip | ch2_tmc_ncf_20260218T0445074122_d_img_d18.zip | ch2_tmc_ncn_20260218T0445074089_d_img_d18.zip,OHRC,2026-03-31 11:05:23.528800+00:00,990.3379246666667
2026-02-17 11:04:00+00:00,2026-02-17 11:03:59.793000+00:00,2026-02-17 11:16:54.425000+00:00,3,"AFT,FORE,NADIR","NCA,NCF,NCN",True,True,True,True,3,ch2_tmc_nca_20260217T1103597930_d_img_d18.zip | ch2_tmc_ncf_20260217T1103597930_d_img_d18.zip | ch2_tmc_ncn_20260217T1103597930_d_img_d18.zip,OHRC,2026-03-31 11:05:23.528800+00:00,1008.0232024444445
2026-02-17 07:03:50+00:00,2026-02-17 07:03:50.458000+00:00,2026-02-17 07:17:00.898000+00:00,3,"AFT,FORE,NADIR","NCA,NCF,NCN",True,True,True,True,3,ch2_tmc_nca_20260217T0703504587_d_img_d18.zip | ch2_tmc_ncf_20260217T0703504587_d_img_d18.zip | ch2_tmc_ncn_20260217T0703504587_d_img_d18.zip,OHRC,2026-03-31 11:05:23.528800+00:00,1012.0259802222222
2026-02-17 03:08:09+00:00,2026-02-17 03:08:08.564000+00:00,2026-02-17 03:21:14.846000+00:00,3,"AFT,FORE,NADIR","NCA,NCF,NCN",True,True,True,True,3,ch2_tmc_nca_20260217T0308085644_d_img_d18.zip | ch2_tmc_ncf_20260217T0308085644_d_img_d18.zip | ch2_tmc_ncn_20260217T0308085644_d_img_d18.zip,OHRC,2026-03-31 11:05:23.528800+00:00,1015.9540357777778
2026-02-16 15:23:56+00:00,2026-02-16 15:23:56.110000+00:00,2026-02-16 15:35:44.255000+00:00,3,"AFT,FORE,NADIR","NCA,NCF,NCN",True,True,True,True,3,ch2_tmc_nca_20260216T1523561109_d_img_d18.zip | ch2_tmc_ncf_20260216T1523561109_d_img_d18.zip | ch2_tmc_ncn_20260216T1523561109_d_img_d18.zip,OHRC,2026-03-31 11:05:23.528800+00:00,1027.6909802222222
2026-02-16 09:30:40+00:00,2026-02-16 09:30:40.488000+00:00,2026-02-16 09:43:48.323000+00:00,3,"AFT,FORE,NADIR","NCA,NCF,NCN",True,True,True,True,3,ch2_tmc_nca_20260216T0930404880_d_img_d18.zip | ch2_tmc_ncf_20260216T0930404880_d_img_d18.zip | ch2_tmc_ncn_20260216T0930404880_d_img_d18.zip,OHRC,2026-03-31 11:05:23.528800+00:00,1033.5787579999999
2026-02-16 07:30:49+00:00,2026-02-16 07:30:49.371000+00:00,2026-02-16 07:37:28.855000+00:00,3,"AFT,FORE,NADIR","NCA,NCF,NCN",True,True,True,True,3,ch2_tmc_nca_20260216T0730493717_d_img_d18.zip | ch2_tmc_ncf_20260216T0730493717_d_img_d18.zip | ch2_tmc_ncn_20260216T0730493717_d_img_d18.zip,OHRC,2026-03-31 11:05:23.528800+00:00,1035.576258
2026-02-15 07:57:40+00:00,2026-02-15 07:57:40.492000+00:00,2026-02-15 08:10:15.135000+00:00,3,"AFT,FORE,NADIR","NCA,NCF,NCN",True,True,True,True,3,ch2_tmc_nca_20260215T0757404954_d_img_d18.zip | ch2_tmc_ncf_20260215T0757404922_d_img_d18.zip | ch2_tmc_ncn_20260215T0757404922_d_img_d18.zip,OHRC,2026-03-31 11:05:23.528800+00:00,1059.128758
2026-02-14 14:18:33+00:00,2026-02-14 14:18:32.588000+00:00,2026-02-14 14:31:22.994000+00:00,3,"AFT,FORE,NADIR","NCA,NCF,NCN",True,True,True,True,3,ch2_tmc_nca_20260214T1418325888_d_img_d18.zip | ch2_tmc_ncf_20260214T1418325888_d_img_d18.zip | ch2_tmc_ncn_20260214T1418325888_d_img_d18.zip,OHRC,2026-03-31 11:05:23.528800+00:00,1076.7807024444444
2026-02-14 06:29:25+00:00,2026-02-14 06:29:25.107000+00:00,2026-02-14 06:42:35.540000+00:00,3,"AFT,FORE,NADIR","NCA,NCF,NCN",True,True,True,True,3,ch2_tmc_nca_20260214T0629251070_d_img_d18.zip | ch2_tmc_ncf_20260214T0629251070_d_img_d18.zip | ch2_tmc_ncn_20260214T0629251102_d_img_d18.zip,OHRC,2026-03-31 11:05:23.528800+00:00,1084.5995913333334
2026-02-14 02:30:46+00:00,2026-02-14 02:30:45.734000+00:00,2026-02-14 02:43:24.863000+00:00,3,"AFT,FORE,NADIR","NCA,NCF,NCN",True,True,True,True,3,ch2_tmc_nca_20260214T0230457348_d_img_d18.zip | ch2_tmc_ncf_20260214T0230457380_d_img_d18.zip | ch2_tmc_ncn_20260214T0230457380_d_img_d18.zip,OHRC,2026-03-31 11:05:23.528800+00:00,1088.5770913333333
2026-02-14 00:35:55+00:00,2026-02-14 00:35:54.845000+00:00,2026-02-14 00:48:25.907000+00:00,3,"AFT,FORE,NADIR","NCA,NCF,NCN",True,True,True,True,3,ch2_tmc_nca_20260214T0035548485_d_img_d18.zip | ch2_tmc_ncf_20260214T0035548485_d_img_d18.zip | ch2_tmc_ncn_20260214T0035548452_d_img_d18.zip,OHRC,2026-03-31 11:05:23.528800+00:00,1090.491258
2026-02-13 05:03:14+00:00,2026-02-13 05:03:13.995000+00:00,2026-02-13 05:08:05.140000+00:00,3,"AFT,FORE,NADIR","NCA,NCF,NCN",True,True,True,True,3,ch2_tmc_nca_20260213T0503139987_d_img_d18.zip | ch2_tmc_ncf_20260213T0503139955_d_img_d18.zip | ch2_tmc_ncn_20260213T0503139987_d_img_d18.zip,OHRC,2026-03-31 11:05:23.528800+00:00,1110.0359802222222
2026-05-16 17:45:44+00:00,2026-05-16 17:45:44.316000+00:00,2026-05-16 17:50:09.353000+00:00,3,"AFT,FORE,NADIR","NCA,NCF,NCN",True,True,True,True,3,ch2_tmc_nca_20260516T1745443197_d_img_d18.zip | ch2_tmc_ncf_20260516T1745443164_d_img_d18.zip | ch2_tmc_ncn_20260516T1745443164_d_img_d18.zip,OHRC,2026-03-31 11:05:23.528800+00:00,1110.672353111111
2026-02-13 01:05:30+00:00,2026-02-13 01:05:29.655000+00:00,2026-02-13 01:10:21.347000+00:00,3,"AFT,FORE,NADIR","NCA,NCF,NCN",True,True,True,True,3,ch2_tmc_nca_20260213T0105296587_d_img_d18.zip | ch2_tmc_ncf_20260213T0105296554_d_img_d18.zip | ch2_tmc_ncn_20260213T0105296554_d_img_d18.zip,OHRC,2026-03-31 11:05:23.528800+00:00,1113.9982024444444
2026-02-13 01:01:54+00:00,2026-02-13 01:01:53.909000+00:00,2026-02-13 01:05:36.205000+00:00,3,"AFT,FORE,NADIR","NCA,NCF,NCN",True,True,True,True,3,ch2_tmc_nca_20260213T0101539130_d_img_d18.zip | ch2_tmc_ncf_20260213T0101539130_d_img_d18.zip | ch2_tmc_ncn_20260213T0101539098_d_img_d18.zip,OHRC,2026-03-31 11:05:23.528800+00:00,1114.0582024444445
2026-02-12 15:17:31+00:00,2026-02-12 15:17:30.777000+00:00,2026-02-12 15:22:06.635000+00:00,3,"AFT,FORE,NADIR","NCA,NCF,NCN",True,True,True,True,3,ch2_tmc_nca_20260212T1517307773_d_img_d18.zip | ch2_tmc_ncf_20260212T1517307806_d_img_d18.zip | ch2_tmc_ncn_20260212T1517307773_d_img_d18.zip,OHRC,2026-03-31 11:05:23.528800+00:00,1123.7979246666666
2026-02-12 15:12:46+00:00,2026-02-12 15:12:45.903000+00:00,2026-02-12 15:17:36.354000+00:00,3,"AFT,FORE,NADIR","NCA,NCF,NCN",True,True,True,True,3,ch2_tmc_nca_20260212T1512459036_d_img_d18.zip | ch2_tmc_ncf_20260212T1512459068_d_img_d18.zip | ch2_tmc_ncn_20260212T1512459036_d_img_d18.zip,OHRC,2026-03-31 11:05:23.528800+00:00,1123.8770913333333
2026-02-12 01:32:27+00:00,2026-02-12 01:32:27.310000+00:00,2026-02-12 01:37:15.600000+00:00,3,"AFT,FORE,NADIR","NCA,NCF,NCN",True,True,True,True,3,ch2_tmc_nca_20260212T0132273100_d_img_d18.zip | ch2_tmc_ncf_20260212T0132273100_d_img_d18.zip | ch2_tmc_ncn_20260212T0132273100_d_img_d18.zip,OHRC,2026-03-31 11:05:23.528800+00:00,1137.5490357777778
2026-02-12 01:28:08+00:00,2026-02-12 01:28:07.965000+00:00,2026-02-12 01:32:33.987000+00:00,3,"AFT,FORE,NADIR","NCA,NCF,NCN",True,True,True,True,3,ch2_tmc_nca_20260212T0128079684_d_img_d18.zip | ch2_tmc_ncf_20260212T0128079684_d_img_d18.zip | ch2_tmc_ncn_20260212T0128079651_d_img_d18.zip,OHRC,2026-03-31 11:05:23.528800+00:00,1137.6209802222222
2026-02-11 15:43:56+00:00,2026-02-11 15:43:55.607000+00:00,2026-02-11 15:48:48.460000+00:00,3,"AFT,FORE,NADIR","NCA,NCF,NCN",True,True,True,True,3,ch2_tmc_nca_20260211T1543556074_d_img_d18.zip | ch2_tmc_ncf_20260211T1543556106_d_img_d18.zip | ch2_tmc_ncn_20260211T1543556074_d_img_d18.zip,OHRC,2026-03-31 11:05:23.528800+00:00,1147.357646888889
2026-02-11 15:39:06+00:00,2026-02-11 15:39:06.164000+00:00,2026-02-11 15:44:00.202000+00:00,3,"AFT,FORE,NADIR","NCA,NCF,NCN",True,True,True,True,3,ch2_tmc_nca_20260211T1539061643_d_img_d18.zip | ch2_tmc_ncf_20260211T1539061643_d_img_d18.zip | ch2_tmc_ncn_20260211T1539061676_d_img_d18.zip,OHRC,2026-03-31 11:05:23.528800+00:00,1147.4382024444444
2026-02-10 14:11:53+00:00,2026-02-10 14:11:53.205000+00:00,2026-02-10 14:19:16.251000+00:00,3,"AFT,FORE,NADIR","NCA,NCF,NCN",True,True,True,True,3,ch2_tmc_nca_20260210T1411532050_d_img_d18.zip | ch2_tmc_ncf_20260210T1411532082_d_img_d18.zip | ch2_tmc_ncn_20260210T1411532082_d_img_d18.zip,OHRC,2026-03-31 11:05:23.528800+00:00,1172.8918135555557
2026-02-10 14:07:13+00:00,2026-02-10 14:07:12.839000+00:00,2026-02-10 14:11:59.124000+00:00,3,"AFT,FORE,NADIR","NCA,NCF,NCN",True,True,True,True,3,ch2_tmc_nca_20260210T1407128398_d_img_d18.zip | ch2_tmc_ncf_20260210T1407128398_d_img_d18.zip | ch2_tmc_ncn_20260210T1407128398_d_img_d18.zip,OHRC,2026-03-31 11:05:23.528800+00:00,1172.9695913333335
2026-02-10 04:18:03+00:00,2026-02-10 04:18:02.606000+00:00,2026-02-10 04:31:10.186000+00:00,3,"AFT,FORE,NADIR","NCA,NCF,NCN",True,True,True,True,3,ch2_tmc_nca_20260210T0418026069_d_img_d18.zip | ch2_tmc_ncf_20260210T0418026069_d_img_d18.zip | ch2_tmc_ncn_20260210T0418026069_d_img_d18.zip,OHRC,2026-03-31 11:05:23.528800+00:00,1182.7890357777778
2026-02-10 02:20:09+00:00,2026-02-10 02:20:09.453000+00:00,2026-02-10 02:33:20.106000+00:00,3,"AFT,FORE,NADIR","NCA,NCF,NCN",True,True,True,True,3,ch2_tmc_nca_20260210T0220094532_d_img_d18.zip | ch2_tmc_ncf_20260210T0220094532_d_img_d18.zip | ch2_tmc_ncn_20260210T0220094532_d_img_d18.zip,OHRC,2026-03-31 11:05:23.528800+00:00,1184.754035777778
2026-05-19 21:16:25+00:00,2026-05-19 21:16:24.807000+00:00,2026-05-19 21:16:32.394000+00:00,3,"AFT,FORE,NADIR","NCA,NCF,NCN",True,True,True,True,3,ch2_tmc_nca_20260519T2116248070_d_img_d18.zip | ch2_tmc_ncf_20260519T2116248070_d_img_d18.zip | ch2_tmc_ncn_20260519T2116248070_d_img_d18.zip,OHRC,2026-03-31 11:05:23.528800+00:00,1186.183742
2026-02-10 00:22:21+00:00,2026-02-10 00:22:20.615000+00:00,2026-02-10 00:35:31.815000+00:00,3,"AFT,FORE,NADIR","NCA,NCF,NCN",True,True,True,True,3,ch2_tmc_nca_20260210T0022206153_d_img_d18.zip | ch2_tmc_ncf_20260210T0022206153_d_img_d18.zip | ch2_tmc_ncn_20260210T0022206153_d_img_d18.zip,OHRC,2026-03-31 11:05:23.528800+00:00,1186.7173691111113
2026-02-09 22:24:29+00:00,2026-02-09 22:24:28.958000+00:00,2026-02-09 22:37:11.526000+00:00,3,"AFT,FORE,NADIR","NCA,NCF,NCN",True,True,True,True,3,ch2_tmc_nca_20260209T2224289581_d_img_d18.zip | ch2_tmc_ncf_20260209T2224289614_d_img_d18.zip | ch2_tmc_ncn_20260209T2224289614_d_img_d18.zip,OHRC,2026-03-31 11:05:23.528800+00:00,1188.6818135555557
2026-02-09 02:55:45+00:00,2026-02-09 02:55:45.176000+00:00,2026-02-09 03:07:11.507000+00:00,3,"AFT,FORE,NADIR","NCA,NCF,NCN",True,True,True,True,3,ch2_tmc_nca_20260209T0255451762_d_img_d18.zip | ch2_tmc_ncf_20260209T0255451762_d_img_d18.zip | ch2_tmc_ncn_20260209T0255451762_d_img_d18.zip,OHRC,2026-03-31 11:05:23.528800+00:00,1208.1607024444445
2026-02-08 22:50:28+00:00,2026-02-08 22:50:27.955000+00:00,2026-02-08 23:08:52.244000+00:00,3,"AFT,FORE,NADIR","NCA,NCF,NCN",True,True,True,True,3,ch2_tmc_nca_20260208T2250279555_d_img_d18.zip | ch2_tmc_ncf_20260208T2250279555_d_img_d18.zip | ch2_tmc_ncn_20260208T2250279555_d_img_d18.zip,OHRC,2026-03-31 11:05:23.528800+00:00,1212.2487580000002
2026-02-08 20:52:35+00:00,2026-02-08 20:52:34.892000+00:00,2026-02-08 21:04:09.951000+00:00,3,"AFT,FORE,NADIR","NCA,NCF,NCN",True,True,True,True,3,ch2_tmc_nca_20260208T2052348929_d_img_d18.zip | ch2_tmc_ncf_20260208T2052348929_d_img_d18.zip | ch2_tmc_ncn_20260208T2052348929_d_img_d18.zip,OHRC,2026-03-31 11:05:23.528800+00:00,1214.2134802222224
2026-05-21 12:35:01+00:00,2026-05-21 12:35:01.282000+00:00,2026-05-21 12:37:50.960000+00:00,3,"AFT,FORE,NADIR","NCA,NCF,NCN",True,True,True,True,3,ch2_tmc_nca_20260521T1235012860_d_img_d18.zip | ch2_tmc_ncf_20260521T1235012860_d_img_d18.zip | ch2_tmc_ncn_20260521T1235012828_d_img_d18.zip,OHRC,2026-03-31 11:05:23.528800+00:00,1225.4937419999999
2026-02-08 01:15:41+00:00,2026-02-08 01:15:41.206000+00:00,2026-02-08 01:28:50.964000+00:00,3,"AFT,FORE,NADIR","NCA,NCF,NCN",True,True,True,True,3,ch2_tmc_nca_20260208T0115412067_d_img_d18.zip | ch2_tmc_ncf_20260208T0115412067_d_img_d18.zip | ch2_tmc_ncn_20260208T0115412067_d_img_d18.zip,OHRC,2026-03-31 11:05:23.528800+00:00,1233.8284802222224
2026-02-07 23:16:13+00:00,2026-02-07 23:16:12.755000+00:00,2026-02-07 23:29:23.218000+00:00,3,"AFT,FORE,NADIR","NCA,NCF,NCN",True,True,True,True,3,ch2_tmc_nca_20260207T2316127558_d_img_d18.zip | ch2_tmc_ncf_20260207T2316127590_d_img_d18.zip | ch2_tmc_ncn_20260207T2316127558_d_img_d18.zip,OHRC,2026-03-31 11:05:23.528800+00:00,1235.8195913333334
2026-02-07 11:38:51+00:00,2026-02-07 11:38:51.459000+00:00,2026-02-07 11:50:13.566000+00:00,3,"AFT,FORE,NADIR","NCA,NCF,NCN",True,True,True,True,3,ch2_tmc_nca_20260207T1138514623_d_img_d18.zip | ch2_tmc_ncf_20260207T1138514590_d_img_d18.zip | ch2_tmc_ncn_20260207T1138514590_d_img_d18.zip,OHRC,2026-03-31 11:05:23.528800+00:00,1247.4423691111112
2026-02-06 23:42:00+00:00,2026-02-06 23:41:59.782000+00:00,2026-02-06 23:54:58.149000+00:00,3,"AFT,FORE,NADIR","NCA,NCF,NCN",True,True,True,True,3,ch2_tmc_nca_20260206T2341597825_d_img_d18.zip | ch2_tmc_ncf_20260206T2341597858_d_img_d18.zip | ch2_tmc_ncn_20260206T2341597825_d_img_d18.zip,OHRC,2026-03-31 11:05:23.528800+00:00,1259.3898691111112
2026-02-06 21:44:08+00:00,2026-02-06 21:44:07.982000+00:00,2026-02-06 21:57:16.901000+00:00,3,"AFT,FORE,NADIR","NCA,NCF,NCN",True,True,True,True,3,ch2_tmc_nca_20260206T2144079855_d_img_d18.zip | ch2_tmc_ncf_20260206T2144079855_d_img_d18.zip | ch2_tmc_ncn_20260206T2144079823_d_img_d18.zip,OHRC,2026-03-31 11:05:23.528800+00:00,1261.3543135555556
2026-02-06 19:46:16+00:00,2026-02-06 19:46:15.656000+00:00,2026-02-06 19:59:04.880000+00:00,3,"AFT,FORE,NADIR","NCA,NCF,NCN",True,True,True,True,3,ch2_tmc_nca_20260206T1946156560_d_img_d18.zip | ch2_tmc_ncf_20260206T1946156560_d_img_d18.zip | ch2_tmc_ncn_20260206T1946156560_d_img_d18.zip,OHRC,2026-03-31 11:05:23.528800+00:00,1263.3187580000001
2026-02-06 00:07:46+00:00,2026-02-06 00:07:46.350000+00:00,2026-02-06 00:20:57.465000+00:00,3,"AFT,FORE,NADIR","NCA,NCF,NCN",True,True,True,True,3,ch2_tmc_nca_20260206T0007463509_d_img_d18.zip | ch2_tmc_ncf_20260206T0007463509_d_img_d18.zip | ch2_tmc_ncn_20260206T0007463509_d_img_d18.zip,OHRC,2026-03-31 11:05:23.528800+00:00,1282.9604246666668
2026-02-05 18:14:15+00:00,2026-02-05 18:14:15.302000+00:00,2026-02-05 18:27:06.268000+00:00,3,"AFT,FORE,NADIR","NCA,NCF,NCN",True,True,True,True,3,ch2_tmc_nca_20260205T1814153023_d_img_d18.zip | ch2_tmc_ncf_20260205T1814153023_d_img_d18.zip | ch2_tmc_ncn_20260205T1814153023_d_img_d18.zip,OHRC,2026-03-31 11:05:23.528800+00:00,1288.8523691111113
2026-02-04 22:38:06+00:00,2026-02-04 22:38:06.388000+00:00,2026-02-04 22:48:54.326000+00:00,3,"AFT,FORE,NADIR","NCA,NCF,NCN",True,True,True,True,3,ch2_tmc_nca_20260204T2238063881_d_img_d18.zip | ch2_tmc_ncf_20260204T2238063881_d_img_d18.zip | ch2_tmc_ncn_20260204T2238064206_d_img_d18.zip,OHRC,2026-03-31 11:05:23.528800+00:00,1308.4548691111113
2026-02-04 22:35:46+00:00,2026-02-04 22:35:45.514000+00:00,2026-02-04 22:38:10.912000+00:00,3,"AFT,FORE,NADIR","NCA,NCF,NCN",True,True,True,True,3,ch2_tmc_nca_20260204T2235455148_d_img_d18.zip | ch2_tmc_ncf_20260204T2235455148_d_img_d18.zip | ch2_tmc_ncn_20260204T2235455148_d_img_d18.zip,OHRC,2026-03-31 11:05:23.528800+00:00,1308.493758
2026-02-04 18:54:46+00:00,2026-02-04 18:54:45.944000+00:00,2026-02-04 19:00:32.797000+00:00,3,"AFT,FORE,NADIR","NCA,NCF,NCN",True,True,True,True,3,ch2_tmc_nca_20260204T1854459449_d_img_d18.zip | ch2_tmc_ncf_20260204T1854459449_d_img_d18.zip | ch2_tmc_ncn_20260204T1854459449_d_img_d18.zip,OHRC,2026-03-31 11:05:23.528800+00:00,1312.1770913333335
2026-02-04 06:53:01+00:00,2026-02-04 06:53:00.686000+00:00,2026-02-04 07:04:47.712000+00:00,3,"AFT,FORE,NADIR","NCA,NCF,NCN",True,True,True,True,3,ch2_tmc_nca_20260204T0653006869_d_img_d18.zip | ch2_tmc_ncf_20260204T0653006869_d_img_d18.zip | ch2_tmc_ncn_20260204T0653006869_d_img_d18.zip,OHRC,2026-03-31 11:05:23.528800+00:00,1324.2062580000002
2026-02-03 09:08:52+00:00,2026-02-03 09:08:51.931000+00:00,2026-02-03 09:19:44.989000+00:00,3,"AFT,FORE,NADIR","NCA,NCF,NCN",True,True,True,True,3,ch2_tmc_nca_20260203T0908519316_d_img_d18.zip | ch2_tmc_ncf_20260203T0908519316_d_img_d18.zip | ch2_tmc_ncn_20260203T0908519316_d_img_d18.zip,OHRC,2026-03-31 11:05:23.528800+00:00,1345.9420913333336
2026-02-02 21:21:57+00:00,2026-02-02 21:21:56.869000+00:00,2026-02-02 21:33:34.296000+00:00,3,"AFT,FORE,NADIR","NCA,NCF,NCN",True,True,True,True,3,ch2_tmc_nca_20260202T2121568693_d_img_d18.zip | ch2_tmc_ncf_20260202T2121568693_d_img_d18.zip | ch2_tmc_ncn_20260202T2121568725_d_img_d18.zip,OHRC,2026-03-31 11:05:23.528800+00:00,1357.724035777778
2026-02-02 17:13:20+00:00,2026-02-02 17:13:19.901000+00:00,2026-02-02 17:24:00.597000+00:00,3,"AFT,FORE,NADIR","NCA,NCF,NCN",True,True,True,True,3,ch2_tmc_nca_20260202T1713199013_d_img_d18.zip | ch2_tmc_ncf_20260202T1713199013_d_img_d18.zip | ch2_tmc_ncn_20260202T1713199013_d_img_d18.zip,OHRC,2026-03-31 11:05:23.528800+00:00,1361.867646888889
2026-02-01 21:19:14+00:00,2026-02-01 21:19:13.974000+00:00,2026-02-01 21:31:09.820000+00:00,3,"AFT,FORE,NADIR","NCA,NCF,NCN",True,True,True,True,3,ch2_tmc_nca_20260201T2119139743_d_img_d18.zip | ch2_tmc_ncf_20260201T2119139776_d_img_d18.zip | ch2_tmc_ncn_20260201T2119139743_d_img_d18.zip,OHRC,2026-03-31 11:05:23.528800+00:00,1381.7693135555558
2026-02-01 17:20:25+00:00,2026-02-01 17:20:24.941000+00:00,2026-02-01 17:31:25.701000+00:00,3,"AFT,FORE,NADIR","NCA,NCF,NCN",True,True,True,True,3,ch2_tmc_nca_20260201T1720249417_d_img_d18.zip | ch2_tmc_ncf_20260201T1720249417_d_img_d18.zip | ch2_tmc_ncn_20260201T1720249417_d_img_d18.zip,OHRC,2026-03-31 11:05:23.528800+00:00,1385.7495913333335
2026-02-01 05:33:44+00:00,2026-02-01 05:33:44.143000+00:00,2026-02-01 05:44:44.621000+00:00,3,"AFT,FORE,NADIR","NCA,NCF,NCN",True,True,True,True,3,ch2_tmc_nca_20260201T0533441434_d_img_d18.zip | ch2_tmc_ncf_20260201T0533441434_d_img_d18.zip | ch2_tmc_ncn_20260201T0533441434_d_img_d18.zip,OHRC,2026-03-31 11:05:23.528800+00:00,1397.527646888889
2026-01-31 19:26:49+00:00,2026-01-31 19:26:48.943000+00:00,2026-01-31 19:38:44.544000+00:00,3,"AFT,FORE,NADIR","NCA,NCF,NCN",True,True,True,True,3,ch2_tmc_nca_20260131T1926489432_d_img_d18.zip | ch2_tmc_ncf_20260131T1926489464_d_img_d18.zip | ch2_tmc_ncn_20260131T1926489464_d_img_d18.zip,OHRC,2026-03-31 11:05:23.528800+00:00,1407.6429246666669
2026-01-31 15:36:09+00:00,2026-01-31 15:36:09.401000+00:00,2026-01-31 15:47:12.983000+00:00,3,"AFT,FORE,NADIR","NCA,NCF,NCN",True,True,True,True,3,ch2_tmc_nca_20260131T1536094016_d_img_d18.zip | ch2_tmc_ncf_20260131T1536094049_d_img_d18.zip | ch2_tmc_ncn_20260131T1536094016_d_img_d18.zip,OHRC,2026-03-31 11:05:23.528800+00:00,1411.4873691111113
2026-01-31 05:30:52+00:00,2026-01-31 05:30:51.784000+00:00,2026-01-31 05:42:08.462000+00:00,3,"AFT,FORE,NADIR","NCA,NCF,NCN",True,True,True,True,3,ch2_tmc_nca_20260131T0530517843_d_img_d18.zip | ch2_tmc_ncf_20260131T0530517843_d_img_d18.zip | ch2_tmc_ncn_20260131T0530517843_d_img_d18.zip,OHRC,2026-03-31 11:05:23.528800+00:00,1421.5754246666668
2026-01-27 15:54:26+00:00,2026-01-27 15:54:26.462000+00:00,2026-01-27 16:10:42.333000+00:00,3,"AFT,FORE,NADIR","NCA,NCF,NCN",True,True,True,True,3,ch2_tmc_nca_20260127T1554264625_d_img_d18.zip | ch2_tmc_ncf_20260127T1554264658_d_img_d18.zip | ch2_tmc_ncn_20260127T1554264625_d_img_d18.zip,OHRC,2026-03-31 11:05:23.528800+00:00,1507.182646888889
2026-06-02 09:45:55+00:00,2026-06-02 09:45:54.757000+00:00,2026-06-02 10:00:49.730000+00:00,3,"AFT,FORE,NADIR","NCA,NCF,NCN",True,True,True,True,3,ch2_tmc_nca_20260602T0945547603_d_img_d18.zip | ch2_tmc_ncf_20260602T0945547571_d_img_d18.zip | ch2_tmc_ncn_20260602T0945547571_d_img_d18.zip,OHRC,2026-03-31 11:05:23.528800+00:00,1510.6754086666665
2026-01-27 11:55:36+00:00,2026-01-27 11:55:35.709000+00:00,2026-01-27 12:11:51.577000+00:00,3,"AFT,FORE,NADIR","NCA,NCF,NCN",True,True,True,True,3,ch2_tmc_nca_20260127T1155357099_d_img_d18.zip | ch2_tmc_ncf_20260127T1155357099_d_img_d18.zip | ch2_tmc_ncn_20260127T1155357132_d_img_d18.zip,OHRC,2026-03-31 11:05:23.528800+00:00,1511.1632024444446
2026-01-27 01:58:58+00:00,2026-01-27 01:58:57.508000+00:00,2026-01-27 02:05:21.180000+00:00,3,"AFT,FORE,NADIR","NCA,NCF,NCN",True,True,True,True,3,ch2_tmc_nca_20260127T0158575081_d_img_d18.zip | ch2_tmc_ncf_20260127T0158575113_d_img_d18.zip | ch2_tmc_ncn_20260127T0158575081_d_img_d18.zip,OHRC,2026-03-31 11:05:23.528800+00:00,1521.1070913333335
