page_index,first_row,last_row,total_records,rows_found,page_number,new_rows,unique_total,next_found,next_disabled,timestamp
0.0,,,,11,,,,,,
1.0,,,,11,,,,,,
,,,,101,1.0,101.0,101.0,True,False,2026-09-05 19:01:41.139324+00:00
,,,,101,2.0,100.0,201.0,True,False,2026-09-05 19:01:44.304859+00:00
,,,,101,3.0,100.0,301.0,True,False,2026-09-05 19:01:47.444609+00:00
,,,,101,4.0,100.0,401.0,True,False,2026-09-05 19:01:50.872196+00:00
,,,,101,5.0,100.0,501.0,True,False,2026-09-05 19:01:54.106833+00:00
,,,,101,6.0,100.0,601.0,True,False,2026-09-05 19:01:57.475003+00:00
,,,,101,7.0,100.0,701.0,True,False,2026-09-05 19:02:00.994577+00:00
,,,,101,8.0,100.0,801.0,True,False,2026-09-05 19:02:04.303611+00:00
,,,,101,9.0,100.0,901.0,True,False,2026-09-05 19:02:08.305998+00:00
,,,,101,10.0,100.0,1001.0,True,False,2026-09-05 19:02:11.813742+00:00
,,,,101,11.0,100.0,1101.0,True,False,2026-09-05 19:02:15.897526+00:00
,,,,101,12.0,100.0,1201.0,True,False,2026-09-05 19:02:20.813603+00:00
,,,,101,13.0,100.0,1301.0,True,False,2026-09-05 19:02:24.450662+00:00
,,,,101,14.0,100.0,1401.0,True,False,2026-09-05 19:02:28.473631+00:00
,,,,101,15.0,100.0,1501.0,True,False,2026-09-05 19:02:32.677178+00:00
,,,,101,16.0,100.0,1601.0,True,False,2026-09-05 19:02:36.730857+00:00
,,,,101,17.0,100.0,1701.0,True,False,2026-09-05 19:02:40.714648+00:00
,,,,101,18.0,100.0,1801.0,True,False,2026-09-05 19:02:44.960975+00:00
,,,,101,19.0,100.0,1901.0,True,False,2026-09-05 19:02:49.034774+00:00
,,,,101,20.0,100.0,2001.0,True,False,2026-09-05 19:02:53.347560+00:00
,,,,101,21.0,100.0,2101.0,True,False,2026-09-05 19:02:57.534014+00:00
,,,,101,22.0,100.0,2201.0,True,False,2026-09-05 19:03:02.044676+00:00
,,,,101,23.0,100.0,2301.0,True,False,2026-09-05 19:03:06.124721+00:00
,,,,101,24.0,100.0,2401.0,True,False,2026-09-05 19:03:10.253852+00:00
,,,,101,25.0,100.0,2501.0,True,False,2026-09-05 19:03:14.555936+00:00
,,,,101,26.0,100.0,2601.0,True,False,2026-09-05 19:03:18.633501+00:00
,,,,101,27.0,100.0,2701.0,True,False,2026-09-05 19:03:23.723908+00:00
,,,,101,28.0,100.0,2801.0,True,False,2026-09-05 19:03:27.983744+00:00
,,,,101,29.0,100.0,2901.0,True,False,2026-09-05 19:03:32.363809+00:00
,,,,101,30.0,100.0,3001.0,True,False,2026-09-05 19:03:36.607809+00:00
,,,,101,31.0,100.0,3101.0,True,False,2026-09-05 19:03:40.957224+00:00
,,,,101,32.0,100.0,3201.0,True,False,2026-09-05 19:03:45.216575+00:00
,,,,101,33.0,100.0,3301.0,True,False,2026-09-05 19:03:50.045167+00:00
,,,,101,34.0,100.0,3401.0,True,False,2026-09-05 19:03:54.643564+00:00
,,,,101,35.0,100.0,3501.0,True,False,2026-09-05 19:03:59.470400+00:00
,,,,101,36.0,100.0,3601.0,True,False,2026-09-05 19:04:04.053554+00:00
,,,,101,37.0,100.0,3701.0,True,False,2026-09-05 19:04:08.933558+00:00
,,,,101,38.0,100.0,3801.0,True,False,2026-09-05 19:04:14.054416+00:00
,,,,101,39.0,100.0,3901.0,True,False,2026-09-05 19:04:19.007651+00:00
,,,,101,40.0,100.0,4001.0,True,False,2026-09-05 19:04:23.586175+00:00
,,,,101,41.0,100.0,4101.0,True,False,2026-09-05 19:04:28.626186+00:00
,,,,101,42.0,100.0,4201.0,True,False,2026-09-05 19:04:33.773454+00:00
,,,,101,43.0,100.0,4301.0,True,False,2026-09-05 19:04:38.719865+00:00
,,,,101,44.0,100.0,4401.0,True,False,2026-09-05 19:04:43.845335+00:00
,,,,101,45.0,100.0,4501.0,True,False,2026-09-05 19:04:48.941609+00:00
,,,,101,46.0,100.0,4601.0,True,False,2026-09-05 19:04:54.055452+00:00
,,,,101,47.0,100.0,4701.0,True,False,2026-09-05 19:04:58.970540+00:00
,,,,101,48.0,100.0,4801.0,True,False,2026-09-05 19:05:04.124997+00:00
,,,,101,49.0,100.0,4901.0,True,False,2026-09-05 19:05:09.105517+00:00
,,,,101,50.0,100.0,5001.0,True,False,2026-09-05 19:05:14.293859+00:00
,,,,101,51.0,100.0,5101.0,True,False,2026-09-05 19:05:19.530811+00:00
,,,,101,52.0,100.0,5201.0,True,False,2026-09-05 19:05:24.643694+00:00
,,,,101,53.0,100.0,5301.0,True,False,2026-09-05 19:05:29.969613+00:00
,,,,101,54.0,100.0,5401.0,True,False,2026-09-05 19:05:35.150715+00:00
,,,,101,55.0,100.0,5501.0,True,False,2026-09-05 19:05:40.445628+00:00
,,,,101,56.0,100.0,5601.0,True,False,2026-09-05 19:05:45.573843+00:00
,,,,101,57.0,100.0,5701.0,True,False,2026-09-05 19:05:50.913407+00:00
,,,,101,58.0,100.0,5801.0,True,False,2026-09-05 19:05:56.073542+00:00
,,,,101,59.0,100.0,5901.0,True,False,2026-09-05 19:06:01.245200+00:00
,,,,101,60.0,100.0,6001.0,True,False,2026-09-05 19:06:06.459743+00:00
,,,,101,61.0,100.0,6101.0,True,False,2026-09-05 19:06:11.628180+00:00
,,,,101,62.0,100.0,6201.0,True,False,2026-09-05 19:06:16.803478+00:00
,,,,101,63.0,100.0,6301.0,True,False,2026-09-05 19:06:21.973989+00:00
,,,,101,64.0,100.0,6401.0,True,False,2026-09-05 19:06:27.275398+00:00
,,,,101,65.0,100.0,6501.0,True,False,2026-09-05 19:06:32.529528+00:00
,,,,101,66.0,100.0,6601.0,True,False,2026-09-05 19:06:37.783878+00:00
,,,,101,67.0,100.0,6701.0,True,False,2026-09-05 19:06:43.335905+00:00
,,,,101,68.0,100.0,6801.0,True,False,2026-09-05 19:06:49.497155+00:00
,,,,101,69.0,100.0,6901.0,True,False,2026-09-05 19:06:55.345419+00:00
,,,,101,70.0,99.0,7000.0,True,False,2026-09-05 19:07:01.674671+00:00
,,,,101,71.0,100.0,7100.0,True,False,2026-09-05 19:07:07.706177+00:00
,,,,101,72.0,100.0,7200.0,True,False,2026-09-05 19:07:13.887351+00:00
,,,,101,73.0,100.0,7300.0,True,False,2026-09-05 19:07:19.900445+00:00
,,,,101,74.0,100.0,7400.0,True,False,2026-09-05 19:07:26.068649+00:00
,,,,101,75.0,100.0,7500.0,True,False,2026-09-05 19:07:32.195485+00:00
,,,,101,76.0,100.0,7600.0,True,False,2026-09-05 19:07:38.428145+00:00
,,,,101,77.0,100.0,7700.0,True,False,2026-09-05 19:07:44.475230+00:00
,,,,101,78.0,100.0,7800.0,True,False,2026-09-05 19:07:50.595574+00:00
,,,,101,79.0,100.0,7900.0,True,False,2026-09-05 19:07:56.970711+00:00
,,,,101,80.0,100.0,8000.0,True,False,2026-09-05 19:08:03.033520+00:00
,,,,101,81.0,100.0,8100.0,True,False,2026-09-05 19:08:09.210211+00:00
,,,,101,82.0,100.0,8200.0,True,False,2026-09-05 19:08:15.355710+00:00
,,,,101,83.0,100.0,8300.0,True,False,2026-09-05 19:08:21.385571+00:00
,,,,101,84.0,100.0,8400.0,True,False,2026-09-05 19:08:27.633737+00:00
,,,,101,85.0,100.0,8500.0,True,False,2026-09-05 19:08:34.365246+00:00
,,,,101,86.0,100.0,8600.0,True,False,2026-09-05 19:08:41.304902+00:00
,,,,101,87.0,100.0,8700.0,True,False,2026-09-05 19:08:48.205048+00:00
,,,,101,88.0,100.0,8800.0,True,False,2026-09-05 19:08:55.135233+00:00
,,,,101,89.0,100.0,8900.0,True,False,2026-09-05 19:09:01.915432+00:00
,,,,101,90.0,100.0,9000.0,True,False,2026-09-05 19:09:08.870313+00:00
,,,,101,91.0,100.0,9100.0,True,False,2026-09-05 19:09:15.867757+00:00
,,,,101,92.0,100.0,9200.0,True,False,2026-09-05 19:09:22.819048+00:00
,,,,101,93.0,100.0,9300.0,True,False,2026-09-05 19:09:29.485303+00:00
,,,,101,94.0,100.0,9400.0,True,False,2026-09-05 19:09:36.373426+00:00
,,,,101,95.0,100.0,9500.0,True,False,2026-09-05 19:09:43.515811+00:00
,,,,101,96.0,100.0,9600.0,True,False,2026-09-05 19:09:51.293926+00:00
,,,,101,97.0,100.0,9700.0,True,False,2026-09-05 19:09:58.240601+00:00
,,,,101,98.0,100.0,9800.0,True,False,2026-09-05 19:10:05.523723+00:00
,,,,101,99.0,100.0,9900.0,True,False,2026-09-05 19:10:12.626174+00:00
,,,,101,100.0,100.0,10000.0,True,False,2026-09-05 19:10:19.956002+00:00
,,,,101,101.0,100.0,10100.0,True,False,2026-09-05 19:10:26.865612+00:00
,,,,101,102.0,100.0,10200.0,True,False,2026-09-05 19:10:36.454606+00:00
,,,,101,103.0,100.0,10300.0,True,False,2026-09-05 19:10:46.203584+00:00
,,,,101,104.0,100.0,10400.0,True,False,2026-09-05 19:10:55.794522+00:00
,,,,101,105.0,100.0,10500.0,True,False,2026-09-05 19:11:05.734651+00:00
,,,,101,106.0,100.0,10600.0,True,False,2026-09-05 19:11:15.513696+00:00
,,,,101,107.0,100.0,10700.0,True,False,2026-09-05 19:11:25.215710+00:00
,,,,101,108.0,100.0,10800.0,True,False,2026-09-05 19:11:35.344626+00:00
,,,,101,109.0,100.0,10900.0,True,False,2026-09-05 19:11:45.824185+00:00
,,,,101,110.0,100.0,11000.0,True,False,2026-09-05 19:11:55.510455+00:00
,,,,101,111.0,100.0,11100.0,True,False,2026-09-05 19:12:05.135978+00:00
,,,,101,112.0,100.0,11200.0,True,False,2026-09-05 19:12:14.774070+00:00
,,,,101,113.0,100.0,11300.0,True,False,2026-09-05 19:12:24.493931+00:00
,,,,101,114.0,100.0,11400.0,True,False,2026-09-05 19:12:33.278741+00:00
,,,,101,115.0,100.0,11500.0,True,False,2026-09-05 19:12:41.425264+00:00
,,,,101,116.0,100.0,11600.0,True,False,2026-09-05 19:12:49.609023+00:00
,,,,101,117.0,100.0,11700.0,True,False,2026-09-05 19:12:58.400403+00:00
,,,,101,118.0,100.0,11800.0,True,False,2026-09-05 19:13:16.100286+00:00
,,,,101,119.0,100.0,11900.0,True,False,2026-09-05 19:13:30.938447+00:00
,,,,101,120.0,100.0,12000.0,True,False,2026-09-05 19:13:43.677382+00:00
,,,,101,121.0,100.0,12100.0,True,False,2026-09-05 19:13:54.208079+00:00
,,,,101,122.0,100.0,12200.0,True,False,2026-09-05 19:14:04.704706+00:00
,,,,101,123.0,100.0,12300.0,True,False,2026-09-05 19:14:15.246796+00:00
,,,,101,124.0,100.0,12400.0,True,False,2026-09-05 19:14:25.804392+00:00
,,,,101,125.0,100.0,12500.0,True,False,2026-09-05 19:14:36.353567+00:00
,,,,101,126.0,100.0,12600.0,True,False,2026-09-05 19:14:46.097763+00:00
,,,,101,127.0,100.0,12700.0,True,False,2026-09-05 19:14:55.834905+00:00
,,,,101,128.0,100.0,12800.0,True,False,2026-09-05 19:15:04.730835+00:00
,,,,101,129.0,100.0,12900.0,True,False,2026-09-05 19:15:13.586305+00:00
,,,,101,130.0,100.0,13000.0,True,False,2026-09-05 19:15:22.357143+00:00
,,,,101,131.0,100.0,13100.0,True,False,2026-09-05 19:15:31.113549+00:00
,,,,101,132.0,100.0,13200.0,True,False,2026-09-05 19:15:40.945599+00:00
,,,,101,133.0,100.0,13300.0,True,False,2026-09-05 19:15:50.603271+00:00
,,,,101,134.0,100.0,13400.0,True,False,2026-09-05 19:16:00.544463+00:00
,,,,101,135.0,100.0,13500.0,True,False,2026-09-05 19:16:10.333808+00:00
,,,,101,136.0,100.0,13600.0,True,False,2026-09-05 19:16:20.434960+00:00
,,,,101,137.0,100.0,13700.0,True,False,2026-09-05 19:16:30.275352+00:00
,,,,101,138.0,100.0,13800.0,True,False,2026-09-05 19:16:40.077267+00:00
,,,,101,139.0,100.0,13900.0,True,False,2026-09-05 19:16:50.107905+00:00
,,,,101,140.0,100.0,14000.0,True,False,2026-09-05 19:16:59.906990+00:00
,,,,101,141.0,100.0,14100.0,True,False,2026-09-05 19:17:09.653925+00:00
,,,,101,142.0,100.0,14200.0,True,False,2026-09-05 19:17:19.477059+00:00
,,,,101,143.0,100.0,14300.0,True,False,2026-09-05 19:17:29.329810+00:00
,,,,101,144.0,100.0,14400.0,True,False,2026-09-05 19:17:39.015393+00:00
,,,,101,145.0,100.0,14500.0,True,False,2026-09-05 19:17:48.996616+00:00
,,,,101,146.0,100.0,14600.0,True,False,2026-09-05 19:17:58.941122+00:00
,,,,101,147.0,100.0,14700.0,True,False,2026-09-05 19:18:09.224476+00:00
,,,,101,148.0,100.0,14800.0,True,False,2026-09-05 19:18:19.140733+00:00
,,,,101,149.0,100.0,14900.0,True,False,2026-09-05 19:18:28.767371+00:00
,,,,101,150.0,100.0,15000.0,True,False,2026-09-05 19:18:38.606604+00:00
,,,,101,151.0,100.0,15100.0,True,False,2026-09-05 19:18:50.237736+00:00
,,,,101,152.0,100.0,15200.0,True,False,2026-09-05 19:19:00.867626+00:00
,,,,101,153.0,100.0,15300.0,True,False,2026-09-05 19:19:11.444506+00:00
,,,,101,154.0,100.0,15400.0,True,False,2026-09-05 19:19:21.415142+00:00
,,,,101,155.0,100.0,15500.0,True,False,2026-09-05 19:19:31.617059+00:00
,,,,101,156.0,100.0,15600.0,True,False,2026-09-05 19:19:41.547555+00:00
,,,,101,157.0,100.0,15700.0,True,False,2026-09-05 19:19:52.141697+00:00
,,,,101,158.0,100.0,15800.0,True,False,2026-09-05 19:20:02.260292+00:00
,,,,101,159.0,100.0,15900.0,True,False,2026-09-05 19:20:12.824046+00:00
,,,,101,160.0,100.0,16000.0,True,False,2026-09-05 19:20:23.640306+00:00
,,,,101,161.0,100.0,16100.0,True,False,2026-09-05 19:20:34.333752+00:00
,,,,101,162.0,100.0,16200.0,True,False,2026-09-05 19:20:44.817122+00:00
,,,,101,163.0,100.0,16300.0,True,False,2026-09-05 19:20:55.726794+00:00
,,,,101,164.0,100.0,16400.0,True,False,2026-09-05 19:21:06.313443+00:00
,,,,101,165.0,100.0,16500.0,True,False,2026-09-05 19:21:17.113504+00:00
,,,,101,166.0,100.0,16600.0,True,False,2026-09-05 19:21:29.253435+00:00
,,,,101,167.0,100.0,16700.0,True,False,2026-09-05 19:21:40.118689+00:00
,,,,101,168.0,100.0,16800.0,True,False,2026-09-05 19:21:51.651688+00:00
,,,,101,169.0,100.0,16900.0,True,False,2026-09-05 19:22:02.177397+00:00
,,,,101,170.0,100.0,17000.0,True,False,2026-09-05 19:22:12.821590+00:00
,,,,101,171.0,100.0,17100.0,True,False,2026-09-05 19:22:23.492158+00:00
,,,,101,172.0,100.0,17200.0,True,False,2026-09-05 19:22:34.337083+00:00
,,,,101,173.0,100.0,17300.0,True,False,2026-09-05 19:22:44.968729+00:00
,,,,101,174.0,100.0,17400.0,True,False,2026-09-05 19:22:56.121612+00:00
,,,,101,175.0,100.0,17500.0,True,False,2026-09-05 19:23:06.861958+00:00
,,,,101,176.0,100.0,17600.0,True,False,2026-09-05 19:23:17.679583+00:00
,,,,101,177.0,100.0,17700.0,True,False,2026-09-05 19:23:28.621713+00:00
,,,,101,178.0,100.0,17800.0,True,False,2026-09-05 19:23:39.362841+00:00
,,,,101,179.0,100.0,17900.0,True,False,2026-09-05 19:23:50.280399+00:00
,,,,101,180.0,100.0,18000.0,True,False,2026-09-05 19:24:01.237365+00:00
,,,,101,181.0,100.0,18100.0,True,False,2026-09-05 19:24:11.884401+00:00
,,,,101,182.0,100.0,18200.0,True,False,2026-09-05 19:24:22.679551+00:00
,,,,101,183.0,100.0,18300.0,True,False,2026-09-05 19:24:35.121698+00:00
,,,,101,184.0,100.0,18400.0,True,False,2026-09-05 19:24:47.454211+00:00
,,,,101,185.0,100.0,18500.0,True,False,2026-09-05 19:24:59.898563+00:00
,,,,101,186.0,100.0,18600.0,True,False,2026-09-05 19:25:12.347715+00:00
,,,,101,187.0,100.0,18700.0,True,False,2026-09-05 19:25:24.526595+00:00
,,,,101,188.0,100.0,18800.0,True,False,2026-09-05 19:25:36.631157+00:00
,,,,101,189.0,100.0,18900.0,True,False,2026-09-05 19:25:48.584734+00:00
,,,,101,190.0,100.0,19000.0,True,False,2026-09-05 19:26:01.125324+00:00
,,,,101,191.0,100.0,19100.0,True,False,2026-09-05 19:26:13.879495+00:00
,,,,101,192.0,100.0,19200.0,True,False,2026-09-05 19:26:26.308238+00:00
,,,,101,193.0,100.0,19300.0,True,False,2026-09-05 19:26:38.941817+00:00
,,,,101,194.0,100.0,19400.0,True,False,2026-09-05 19:26:50.914346+00:00
,,,,101,195.0,100.0,19500.0,True,False,2026-09-05 19:27:03.266664+00:00
,,,,101,196.0,100.0,19600.0,True,False,2026-09-05 19:27:16.411695+00:00
,,,,101,197.0,100.0,19700.0,True,False,2026-09-05 19:27:28.283226+00:00
,,,,101,198.0,100.0,19800.0,True,False,2026-09-05 19:27:40.605828+00:00
,,,,101,199.0,100.0,19900.0,True,False,2026-09-05 19:27:53.411237+00:00
,,,,101,200.0,100.0,20000.0,True,False,2026-09-05 19:28:05.914115+00:00
,,,,101,201.0,100.0,20100.0,True,False,2026-09-05 19:28:18.359171+00:00
,,,,101,202.0,100.0,20200.0,True,False,2026-09-05 19:28:31.001684+00:00
,,,,101,203.0,100.0,20300.0,True,False,2026-09-05 19:28:44.429379+00:00
,,,,101,204.0,100.0,20400.0,True,False,2026-09-05 19:28:57.976012+00:00
,,,,101,205.0,100.0,20500.0,True,False,2026-09-05 19:29:11.296928+00:00
,,,,101,206.0,100.0,20600.0,True,False,2026-09-05 19:29:24.867746+00:00
,,,,101,207.0,100.0,20700.0,True,False,2026-09-05 19:29:38.250901+00:00
,,,,101,208.0,100.0,20800.0,True,False,2026-09-05 19:29:51.563183+00:00
,,,,101,209.0,100.0,20900.0,True,False,2026-09-05 19:30:05.116014+00:00
,,,,101,210.0,100.0,21000.0,True,False,2026-09-05 19:30:18.319668+00:00
,,,,101,211.0,100.0,21100.0,True,False,2026-09-05 19:30:31.896413+00:00
,,,,101,212.0,100.0,21200.0,True,False,2026-09-05 19:30:45.317030+00:00
,,,,101,213.0,100.0,21300.0,True,False,2026-09-05 19:30:59.070032+00:00
,,,,101,214.0,100.0,21400.0,True,False,2026-09-05 19:31:12.582700+00:00
,,,,101,215.0,100.0,21500.0,True,False,2026-09-05 19:31:26.625167+00:00
,,,,101,216.0,100.0,21600.0,True,False,2026-09-05 19:31:40.277432+00:00
,,,,101,217.0,100.0,21700.0,True,False,2026-09-05 19:31:53.929221+00:00
,,,,101,218.0,100.0,21800.0,True,False,2026-09-05 19:32:07.498748+00:00
,,,,101,219.0,100.0,21900.0,True,False,2026-09-05 19:32:21.757415+00:00
,,,,101,220.0,100.0,22000.0,True,False,2026-09-05 19:32:35.256872+00:00
,,,,101,221.0,100.0,22100.0,True,False,2026-09-05 19:32:48.943463+00:00
,,,,101,222.0,100.0,22200.0,True,False,2026-09-05 19:33:02.453495+00:00
,,,,101,223.0,100.0,22300.0,True,False,2026-09-05 19:33:16.186140+00:00
,,,,101,224.0,100.0,22400.0,True,False,2026-09-05 19:33:29.606018+00:00
,,,,101,225.0,100.0,22500.0,True,False,2026-09-05 19:33:43.304743+00:00
,,,,101,226.0,100.0,22600.0,True,False,2026-09-05 19:33:57.629234+00:00
,,,,101,227.0,100.0,22700.0,True,False,2026-09-05 19:34:11.322333+00:00
,,,,101,228.0,100.0,22800.0,True,False,2026-09-05 19:34:24.628691+00:00
,,,,101,229.0,100.0,22900.0,True,False,2026-09-05 19:34:38.232324+00:00
,,,,101,230.0,100.0,23000.0,True,False,2026-09-05 19:34:51.691041+00:00
,,,,101,231.0,100.0,23100.0,True,False,2026-09-05 19:35:05.127446+00:00
,,,,101,232.0,100.0,23200.0,True,False,2026-09-05 19:35:18.223558+00:00
,,,,101,233.0,100.0,23300.0,True,False,2026-09-05 19:35:31.693770+00:00
,,,,101,234.0,100.0,23400.0,True,False,2026-09-05 19:35:44.946260+00:00
,,,,101,235.0,100.0,23500.0,True,False,2026-09-05 19:35:58.538745+00:00
,,,,101,236.0,100.0,23600.0,True,False,2026-09-05 19:36:12.345411+00:00
,,,,101,237.0,100.0,23700.0,True,False,2026-09-05 19:36:25.774171+00:00
,,,,101,238.0,100.0,23800.0,True,False,2026-09-05 19:36:40.218163+00:00
,,,,101,239.0,100.0,23900.0,True,False,2026-09-05 19:36:53.826498+00:00
,,,,101,240.0,100.0,24000.0,True,False,2026-09-05 19:37:07.433992+00:00
,,,,101,241.0,100.0,24100.0,True,False,2026-09-05 19:37:20.783058+00:00
,,,,101,242.0,100.0,24200.0,True,False,2026-09-05 19:37:34.111154+00:00
,,,,101,243.0,100.0,24300.0,True,False,2026-09-05 19:37:47.796830+00:00
,,,,101,244.0,100.0,24400.0,True,False,2026-09-05 19:38:02.279294+00:00
,,,,101,245.0,100.0,24500.0,True,False,2026-09-05 19:38:15.638807+00:00
,,,,101,246.0,100.0,24600.0,True,False,2026-09-05 19:38:28.904239+00:00
,,,,101,247.0,100.0,24700.0,True,False,2026-09-05 19:38:42.506293+00:00
,,,,101,248.0,100.0,24800.0,True,False,2026-09-05 19:38:55.859773+00:00
,,,,101,249.0,100.0,24900.0,True,False,2026-09-05 19:39:09.468716+00:00
,,,,101,250.0,100.0,25000.0,True,False,2026-09-05 19:39:23.337086+00:00
,,,,101,251.0,100.0,25100.0,True,False,2026-09-05 19:39:37.921560+00:00
,,,,101,252.0,100.0,25200.0,True,False,2026-09-05 19:39:51.681868+00:00
,,,,101,253.0,100.0,25300.0,True,False,2026-09-05 19:40:05.573079+00:00
,,,,101,254.0,100.0,25400.0,True,False,2026-09-05 19:40:20.044752+00:00
,,,,101,255.0,100.0,25500.0,True,False,2026-09-05 19:40:40.794938+00:00
,,,,101,256.0,100.0,25600.0,True,False,2026-09-05 19:41:00.569024+00:00
,,,,101,257.0,100.0,25700.0,True,False,2026-09-05 19:41:19.990236+00:00
,,,,101,258.0,100.0,25800.0,True,False,2026-09-05 19:41:39.693059+00:00
,,,,101,259.0,100.0,25900.0,True,False,2026-09-05 19:41:59.402974+00:00
,,,,101,260.0,100.0,26000.0,True,False,2026-09-05 19:42:20.885132+00:00
,,,,101,261.0,100.0,26100.0,True,False,2026-09-05 19:42:40.619233+00:00
,,,,101,262.0,100.0,26200.0,True,False,2026-09-05 19:43:00.090783+00:00
,,,,101,263.0,100.0,26300.0,True,False,2026-09-05 19:43:19.617041+00:00
,,,,101,264.0,100.0,26400.0,True,False,2026-09-05 19:43:39.420487+00:00
,,,,101,265.0,100.0,26500.0,True,False,2026-09-05 19:43:59.320765+00:00
,,,,101,266.0,100.0,26600.0,True,False,2026-09-05 19:44:19.295911+00:00
,,,,101,267.0,100.0,26700.0,True,False,2026-09-05 19:44:39.472658+00:00
,,,,101,268.0,100.0,26800.0,True,False,2026-09-05 19:44:59.400869+00:00
